[{"assetType":"API","assetObject":{"name":"Shipment[1.0]","id":"bdeb2e2c-c755-461f-942c-979b32beedd6","status":"Success","explanation":"OK"}},{"assetType":"Application","assetObject":{"name":"Shipment","id":"e26776b4-f279-4329-9d90-7abed5a1fce5","status":"Success","explanation":"OK"}},{"assetType":"PolicyAction","assetObject":{"name":"Policy Action [Context-based Routing] -> Policy For API Shipment[1.0]","id":"b1f9057a-450b-4593-8d10-a2f498bd4a56","status":"Success","explanation":"OK"}},{"assetType":"Policy","assetObject":{"name":"Policy For API Shipment[1.0]","id":"450fa887-dad0-4e12-92c8-0c244ad5c889","status":"Success","explanation":"OK"}},{"assetType":"PolicyAction","assetObject":{"name":"Policy Action [Require HTTP / HTTPS] -> Policy For API Shipment[1.0]","id":"45ecf2b7-70dd-4e9f-9b89-0582eaf834a8","status":"Success","explanation":"OK"}},{"assetType":"PolicyAction","assetObject":{"name":"Policy Action [Custom HTTP Header] -> Policy For API Shipment[1.0]","id":"7cf53db1-4d15-4e90-bbf3-dbc260548d7e","status":"Success","explanation":"OK"}},{"assetType":"PolicyAction","assetObject":{"name":"Policy Action [Log Invocation] -> Policy For API Shipment[1.0]","id":"0dea0160-35f9-4a58-95b8-73711c9909cf","status":"Success","explanation":"OK"}},{"assetType":"Alias","assetObject":{"name":"BS_ESB_IS","id":"86d3fc23-5fe7-4642-b988-a174c3e25214","status":"Success","explanation":"OK"}},{"assetType":"PolicyAction","assetObject":{"name":"Policy Action [Identify & Authorize Application] -> Policy For API Shipment[1.0]","id":"b10a574d-63e5-417b-afe6-62fdb8ca4c22","status":"Success","explanation":"OK"}},{"assetType":"Application","assetObject":{"name":"Beesion (EN)","id":"977f8608-11b9-4e4a-8317-e44539395a14","status":"Success","explanation":"OK"}}]